,Experiences,Restaurants,Shopping,Wellness,Nightlife,Accommodation
0,0.1,0.5,0.2,0.1,0.49936812066856917,0.1
1,0.3,0.8999999999999999,0.2,0.5,0.6925035265668033,0.1
2,0.1,0.8999999999999999,0.2,0.30000000000000004,0.7976513682396035,0.1
3,0.3,0.8999999999999999,0.5,0.30000000000000004,0.7926073010539179,0.1
4,0.6,0.7,0.7,0.5,0.3038513596653132,0.1
5,0.1,0.7999999999999999,0.2,0.30000000000000004,0.991444740346205,0.1
6,0.1,0.7,0.2,0.30000000000000004,0.7900501349787891,0.1
7,0.3,0.8999999999999999,0.2,0.6,0.6881542699724518,0.1
