{
  "scan_rate": 0.010199954702818132,
  "scan_rate_ci_lower": 0.009665892839809752,
  "scan_rate_ci_upper": 0.010742105348302973,
  "precision@2": 0.01058323856383596,
  "precision@2_ci_lower": 0.010053228528523729,
  "precision@2_ci_upper": 0.011121803995287184,
  "precision@2_ci_width": 0.0010685754667634547,
  "hit_rate": 0.021096850558172998,
  "hit_rate_ci_lower": 0.02003674017889932,
  "hit_rate_ci_upper": 0.02215291019869455,
  "hit_rate_ci_width": 0.0021161700197952285,
  "mrr": 0.018350469205715567,
  "mrr_ci_lower": 0.017452397036815222,
  "mrr_ci_upper": 0.019198103646332076,
  "mrr_ci_width": 0.0017457066095168533
}